1,Betty,Holmes,bholmes0@people.com.cn,Female,59.219.12.199
2,Peter,King,pking1@who.int,Male,146.251.87.8
3,Ronald,Perry,rperry2@go.com,Male,158.225.250.251
4,Irene,Miller,imiller3@nymag.com,Female,137.108.231.31
5,Lori,Wilson,lwilson4@hexun.com,Female,161.222.131.103
6,Anne,Morrison,amorrison5@angelfire.com,Female,190.103.151.199
7,Kenneth,Harrison,kharrison6@ucoz.com,Male,199.203.71.184
8,Billy,Welch,bwelch7@reverbnation.com,Male,62.12.222.72
9,Russell,Carpenter,rcarpenter8@howstuffworks.com,Male,123.203.38.90
10,Joe,Black,jblack9@google.it,Male,137.242.214.213
11,Steve,Simmons,ssimmonsa@linkedin.com,Male,162.251.244.222
12,Laura,Campbell,lcampbellb@123-reg.co.uk,Female,169.59.54.120
13,Susan,Vasquez,svasquezc@fotki.com,Female,136.244.230.117
14,Philip,Fisher,pfisherd@list-manage.com,Male,182.152.22.135
15,Sara,Jacobs,sjacobse@opera.com,Female,232.171.198.59